id_compra,id_cliente,produto,valor,data
d1682e09-f1f7-4904-9307-5157d8c128e7,b7c93acf-e059-40ee-9132-b63ef16287e4,Camiseta,882,2025-01-01
b57ec883-d258-4d90-96b6-bf61f68c62e6,b7c93acf-e059-40ee-9132-b63ef16287e4,Livro,557,2025-01-01
3207343e-c6a0-4656-85c9-fb91ff6ef9ed,b7c93acf-e059-40ee-9132-b63ef16287e4,Celular,254,2025-01-01
7bb3447b-e9aa-444b-9dd4-3675ef145064,b7c93acf-e059-40ee-9132-b63ef16287e4,Tênis,116,2025-01-01
850a48d4-46b5-48de-9b4b-b8eb537d0bd1,b7c93acf-e059-40ee-9132-b63ef16287e4,Tênis,994,2025-01-01
7317591a-3283-4aa4-a212-ab7c9d361cb6,b7c93acf-e059-40ee-9132-b63ef16287e4,Tênis,498,2025-01-01
8e969227-72e7-4b51-ae54-ac6d2ff8e87e,b7c93acf-e059-40ee-9132-b63ef16287e4,Tênis,205,2025-01-02
eab9eb02-2f1d-4121-bd02-4c6d8bea75c1,b7c93acf-e059-40ee-9132-b63ef16287e4,Camiseta,636,2025-01-02
47a48c42-4665-4497-afe9-22aae886a011,b7c93acf-e059-40ee-9132-b63ef16287e4,Tênis,252,2025-01-02
cd6bb03b-eb35-47a0-ad6e-0291b7893986,b7c93acf-e059-40ee-9132-b63ef16287e4,Livro,160,2025-01-02
a84554c3-a3f6-4c61-afb7-0dab2f383b43,b7c93acf-e059-40ee-9132-b63ef16287e4,Tênis,505,2025-01-02
f2bd92f2-9293-4705-8815-01473e00980e,b7c93acf-e059-40ee-9132-b63ef16287e4,Camiseta,295,2025-01-02
f8d8b7f1-c86c-4544-a7d4-cf50f791f1e5,b7c93acf-e059-40ee-9132-b63ef16287e4,Celular,838,2025-01-03
bc3536df-94f7-4dba-8581-1d2d1a89b71e,b7c93acf-e059-40ee-9132-b63ef16287e4,Livro,236,2025-01-03
9a3b0319-32f5-4510-a4ee-b4a6c14565c7,b7c93acf-e059-40ee-9132-b63ef16287e4,Tênis,612,2025-01-03
178be968-20f8-4ba2-8f2e-32967184b713,b7c93acf-e059-40ee-9132-b63ef16287e4,Livro,225,2025-01-03
3fde9814-0ec0-4d4b-9644-1a9d3362d476,b7c93acf-e059-40ee-9132-b63ef16287e4,Camiseta,567,2025-01-03
dea050c6-eb9e-4274-ac6a-37ad81b15db9,b7c93acf-e059-40ee-9132-b63ef16287e4,Tênis,656,2025-01-03
dce8e1c5-dbd3-4aec-8b46-117300a85473,b7c93acf-e059-40ee-9132-b63ef16287e4,Camiseta,350,2025-01-03
266bf2ea-eb93-478c-a20a-f1585d2d904f,b7c93acf-e059-40ee-9132-b63ef16287e4,Celular,978,2025-01-03
df4e713e-f64e-4dfc-bfbe-ac7aefc59738,b7c93acf-e059-40ee-9132-b63ef16287e4,Livro,997,2025-01-03
9118c400-e336-4243-b139-c476de3ce88b,b7c93acf-e059-40ee-9132-b63ef16287e4,Tênis,377,2025-01-03
c26e2706-7c05-4799-bdae-8eff683c510e,b7c93acf-e059-40ee-9132-b63ef16287e4,Livro,940,2025-01-04
51d08109-fc90-4838-9874-1408f7b217c7,b7c93acf-e059-40ee-9132-b63ef16287e4,Livro,826,2025-01-04
44b64ec1-4d16-4049-84d7-df9a238b05b7,b7c93acf-e059-40ee-9132-b63ef16287e4,Tênis,249,2025-01-04
87a37f10-61b5-42ed-ae42-3568de14553b,b7c93acf-e059-40ee-9132-b63ef16287e4,Livro,523,2025-01-04
508850d3-2fe5-4140-a3ea-795649f1137d,b7c93acf-e059-40ee-9132-b63ef16287e4,Tênis,734,2025-01-04
64953d5f-0cb4-4891-988d-f23b3ccff6eb,b7c93acf-e059-40ee-9132-b63ef16287e4,Tênis,257,2025-01-04
af35b30b-4c68-4b17-885d-831c9beab529,b7c93acf-e059-40ee-9132-b63ef16287e4,Camiseta,593,2025-01-04
f8802878-69fb-4763-8a9c-66f7cee4e512,b7c93acf-e059-40ee-9132-b63ef16287e4,Celular,666,2025-01-04
52380bf2-4988-4418-b6c3-1218c1836315,b7c93acf-e059-40ee-9132-b63ef16287e4,Livro,761,2025-01-04
d88c656d-b61e-4fdb-9a43-5206ef2ddcc4,b7c93acf-e059-40ee-9132-b63ef16287e4,Camiseta,391,2025-01-05
d847dc53-c605-458a-8845-4343ddb449dc,b7c93acf-e059-40ee-9132-b63ef16287e4,Livro,435,2025-01-05
eac80da1-de9f-4f5b-b2d3-545861ea2f30,b7c93acf-e059-40ee-9132-b63ef16287e4,Tênis,484,2025-01-05
df8f4197-9a4a-49b2-a806-133cf6e39356,b7c93acf-e059-40ee-9132-b63ef16287e4,Celular,441,2025-01-05
5f3c44dc-5ef7-47b8-b2e6-195f732e2016,b7c93acf-e059-40ee-9132-b63ef16287e4,Tênis,881,2025-01-05
cf9b8558-1a7f-495b-b355-7b9d0fd6f47e,b7c93acf-e059-40ee-9132-b63ef16287e4,Livro,831,2025-01-05
51e744e4-b864-4a08-aa75-752d6a8fcacb,b7c93acf-e059-40ee-9132-b63ef16287e4,Livro,945,2025-01-05
4cbc9044-6bcd-4ce7-86a5-6fe86f46f1b1,b7c93acf-e059-40ee-9132-b63ef16287e4,Tênis,901,2025-01-05
0e614bcd-9767-4900-8651-0367cbdc4318,b7c93acf-e059-40ee-9132-b63ef16287e4,Livro,619,2025-01-05
a79313b8-17e5-4113-8626-23bee0688849,b7c93acf-e059-40ee-9132-b63ef16287e4,Livro,356,2025-01-05
6a0aa7d5-a0b8-4755-84ca-a5a2a1e518a2,b7c93acf-e059-40ee-9132-b63ef16287e4,Tênis,562,2025-01-05
3d175712-d8b2-4277-b413-db19bade8d5d,b7c93acf-e059-40ee-9132-b63ef16287e4,Camiseta,350,2025-01-05
9db54283-89a3-4811-895c-4fdea3fa4069,b7c93acf-e059-40ee-9132-b63ef16287e4,Celular,384,2025-01-05
112fa612-7969-4ed2-ac48-bf55afd380c4,b7c93acf-e059-40ee-9132-b63ef16287e4,Camiseta,951,2025-01-05
f8ede0ca-2015-4a72-92e1-53a6932cae01,b7c93acf-e059-40ee-9132-b63ef16287e4,Livro,757,2025-01-05
71a0449d-d703-462f-b5cb-e3f56a66c184,b7c93acf-e059-40ee-9132-b63ef16287e4,Tênis,271,2025-01-05
6fe5040b-1901-4f87-8dbf-0caf588a3f87,b7c93acf-e059-40ee-9132-b63ef16287e4,Celular,958,2025-01-05
84ef4324-cc1b-4157-ac9f-9c545e0a72ab,b7c93acf-e059-40ee-9132-b63ef16287e4,Livro,920,2025-01-05
6c1cc405-dc3f-42e0-bcf7-b8421edf3bfa,b7c93acf-e059-40ee-9132-b63ef16287e4,Celular,589,2025-01-05
95804c2a-c44f-44b8-9b80-b8d18788dfed,b7c93acf-e059-40ee-9132-b63ef16287e4,Celular,263,2025-01-06
6f27c1b9-e3c6-4edb-9b79-2afa2a3d418d,b7c93acf-e059-40ee-9132-b63ef16287e4,Celular,154,2025-01-06
4efc8248-e10b-4a47-bfae-b7487781321e,b7c93acf-e059-40ee-9132-b63ef16287e4,Tênis,123,2025-01-06
3d9c4e64-0401-4ced-a398-36bbe23ddfaa,b7c93acf-e059-40ee-9132-b63ef16287e4,Celular,168,2025-01-06
aebbb90e-e4e7-41de-97ff-51d9c9ce44bd,b7c93acf-e059-40ee-9132-b63ef16287e4,Camiseta,147,2025-01-06
4b6797a1-166e-4fe3-ad77-959500fa0eb4,b7c93acf-e059-40ee-9132-b63ef16287e4,Tênis,304,2025-01-06
d5ff2a1f-370b-4a29-8a53-0df99a72083c,b7c93acf-e059-40ee-9132-b63ef16287e4,Livro,251,2025-01-06
5fa3a531-1291-4e60-b5e7-2daf5d696bc8,b7c93acf-e059-40ee-9132-b63ef16287e4,Tênis,700,2025-01-06
3bf0d9c1-c156-4501-b30e-96e8b9da5f8c,b7c93acf-e059-40ee-9132-b63ef16287e4,Tênis,771,2025-01-06
e061f65f-a859-4f8c-9734-18fe2b843ef3,b7c93acf-e059-40ee-9132-b63ef16287e4,Celular,400,2025-01-06
4d59616b-7779-457f-b7dc-8c784082fcda,b7c93acf-e059-40ee-9132-b63ef16287e4,Tênis,698,2025-01-06
99b479d4-49a2-44ae-b7e8-f8e50d2b91ef,b7c93acf-e059-40ee-9132-b63ef16287e4,Livro,460,2025-01-06
70fd6672-b80f-46c5-828f-a16b0aa6fcb9,b7c93acf-e059-40ee-9132-b63ef16287e4,Celular,535,2025-01-06
59e1ac09-5970-4859-86b6-e4ade7ea8d5a,b7c93acf-e059-40ee-9132-b63ef16287e4,Celular,341,2025-01-06
5111d31d-63be-441d-bd5a-0c9e277eb0aa,b7c93acf-e059-40ee-9132-b63ef16287e4,Livro,209,2025-01-06
c0986750-4741-4b48-b4ae-4abd36fce0ac,b7c93acf-e059-40ee-9132-b63ef16287e4,Camiseta,691,2025-01-06
c7a9f33c-22d8-49d3-b3e4-f986f18cccdc,b7c93acf-e059-40ee-9132-b63ef16287e4,Camiseta,259,2025-01-07
8f7c1d59-594b-4a3a-bad4-65a15129950d,b7c93acf-e059-40ee-9132-b63ef16287e4,Livro,394,2025-01-07
4568f426-89e0-4e22-93f4-a49b33baba88,b7c93acf-e059-40ee-9132-b63ef16287e4,Livro,240,2025-01-07
1e2c2e7d-502c-40ee-a24a-66a6ac0f6801,b7c93acf-e059-40ee-9132-b63ef16287e4,Celular,412,2025-01-07
ec50ace4-80a5-4e65-afa2-855967c96204,b7c93acf-e059-40ee-9132-b63ef16287e4,Livro,806,2025-01-07
82c42e48-8cba-4ae5-becc-daf4c4134dc2,b7c93acf-e059-40ee-9132-b63ef16287e4,Camiseta,686,2025-01-07
8fc42092-f4e5-49e5-9622-93480f5ae9d3,b7c93acf-e059-40ee-9132-b63ef16287e4,Livro,786,2025-01-07
b1a8b71f-491b-40e9-9ca3-fbb3ff11c8ba,b7c93acf-e059-40ee-9132-b63ef16287e4,Tênis,304,2025-01-07
d105c8d6-47c1-4017-a045-2909536d47d7,b7c93acf-e059-40ee-9132-b63ef16287e4,Tênis,473,2025-01-07
67884209-92ca-425a-ade5-93329364f3d0,b7c93acf-e059-40ee-9132-b63ef16287e4,Tênis,396,2025-01-07
7a8104de-b205-47bb-bb16-f75776f186ab,b7c93acf-e059-40ee-9132-b63ef16287e4,Celular,930,2025-01-08
1e93d127-2cf7-4140-bd9b-c648a8761e85,b7c93acf-e059-40ee-9132-b63ef16287e4,Camiseta,824,2025-01-08
bd21bc11-be9d-41ee-98b8-72456e8f75a1,b7c93acf-e059-40ee-9132-b63ef16287e4,Livro,931,2025-01-08
df70fb2a-78bb-42a5-aba7-42d29c89d374,b7c93acf-e059-40ee-9132-b63ef16287e4,Camiseta,822,2025-01-08
5c238d8d-71da-45b9-8eea-9db8f165d779,b7c93acf-e059-40ee-9132-b63ef16287e4,Livro,204,2025-01-08
15bc2a3e-bf76-45d7-b97c-6c3c755d814b,b7c93acf-e059-40ee-9132-b63ef16287e4,Camiseta,617,2025-01-08
8989c5ab-fe2b-44d8-adb0-728d1e5ebe54,b7c93acf-e059-40ee-9132-b63ef16287e4,Tênis,641,2025-01-08
bb96f602-2b11-4c36-b5f8-e3a87d97ac0f,b7c93acf-e059-40ee-9132-b63ef16287e4,Livro,273,2025-01-08
720b274b-82a7-4586-a61d-9cde1747f387,b7c93acf-e059-40ee-9132-b63ef16287e4,Camiseta,564,2025-01-08
1674eb65-0f9c-4300-baa1-c5678cf9eea9,b7c93acf-e059-40ee-9132-b63ef16287e4,Livro,492,2025-01-08
9d37efb6-eafb-4e90-94ec-84ce002ccb25,b7c93acf-e059-40ee-9132-b63ef16287e4,Celular,925,2025-01-08
3b3f3800-a175-49c3-97b1-02a92332a50e,b7c93acf-e059-40ee-9132-b63ef16287e4,Camiseta,824,2025-01-09
b2414482-5198-44d8-8643-3603c92a7d7c,b7c93acf-e059-40ee-9132-b63ef16287e4,Tênis,518,2025-01-09
ad1db537-d7f3-4368-82ef-eecb3f5fbf4f,b7c93acf-e059-40ee-9132-b63ef16287e4,Tênis,601,2025-01-09
b852b3cd-9442-45e6-9583-1d58ef4c5119,b7c93acf-e059-40ee-9132-b63ef16287e4,Tênis,402,2025-01-09
524f93ff-3030-4633-a6de-d1d8925817b7,b7c93acf-e059-40ee-9132-b63ef16287e4,Tênis,613,2025-01-09
6202bee6-5cb5-469c-9dc7-b3e6a52964ff,b7c93acf-e059-40ee-9132-b63ef16287e4,Camiseta,719,2025-01-09
0e5d8c6a-79db-4862-8d7d-d772608e2f5c,b7c93acf-e059-40ee-9132-b63ef16287e4,Camiseta,819,2025-01-10
1fc905f8-d4d6-4735-8e2f-8958de431e06,b7c93acf-e059-40ee-9132-b63ef16287e4,Celular,411,2025-01-10
3e711433-bd90-481a-bbe0-e6b8ee0f65a8,b7c93acf-e059-40ee-9132-b63ef16287e4,Celular,665,2025-01-10
fff96acf-ee42-45ee-a52f-c3eceb4e2281,b7c93acf-e059-40ee-9132-b63ef16287e4,Celular,668,2025-01-10
042b03ca-75a7-4686-9632-1d31c8acffcf,b7c93acf-e059-40ee-9132-b63ef16287e4,Camiseta,978,2025-01-10
795e6f2b-0247-4360-aea4-a441c47fa57e,b7c93acf-e059-40ee-9132-b63ef16287e4,Celular,762,2025-01-10
98e52499-218c-4e1c-9e37-4f7ac42cbc39,b7c93acf-e059-40ee-9132-b63ef16287e4,Tênis,257,2025-01-10
92701d60-7c4f-48e4-a7a0-2a3d620f230b,b7c93acf-e059-40ee-9132-b63ef16287e4,Tênis,138,2025-01-10
4e8bf78a-60dd-47f1-ace3-d822d08012b8,b7c93acf-e059-40ee-9132-b63ef16287e4,Livro,230,2025-01-11
18a806ef-eb05-4fc4-9b65-6dab2de46e91,b7c93acf-e059-40ee-9132-b63ef16287e4,Celular,346,2025-01-11
752a7d25-f190-4b7e-86b4-69efb74eba93,b7c93acf-e059-40ee-9132-b63ef16287e4,Camiseta,400,2025-01-12
fc04a168-652f-4b49-b873-e57f0ba078e8,b7c93acf-e059-40ee-9132-b63ef16287e4,Camiseta,107,2025-01-12
0fc98d2e-030f-4be9-9f17-8f9323c97a1e,b7c93acf-e059-40ee-9132-b63ef16287e4,Celular,233,2025-01-12
8f10d33e-abe4-4e7d-b96c-1163966be275,b7c93acf-e059-40ee-9132-b63ef16287e4,Celular,590,2025-01-12
db6ba39b-36dd-4529-b704-d72fc7a2f280,b7c93acf-e059-40ee-9132-b63ef16287e4,Celular,762,2025-01-13
cb2fafa3-2c91-4a7c-a340-4f08b34191b8,b7c93acf-e059-40ee-9132-b63ef16287e4,Livro,620,2025-01-13
7ddac1b6-d7c4-4aed-87c4-cc514f9a5f98,b7c93acf-e059-40ee-9132-b63ef16287e4,Camiseta,989,2025-01-13
06ac1010-2e08-49c1-853b-45fe636cf499,b7c93acf-e059-40ee-9132-b63ef16287e4,Livro,711,2025-01-13
7580e050-67f1-498c-b594-8a545f804eeb,b7c93acf-e059-40ee-9132-b63ef16287e4,Celular,813,2025-01-13
873570a2-e511-4961-9869-a217f94d8fcb,b7c93acf-e059-40ee-9132-b63ef16287e4,Camiseta,335,2025-01-13
ac5f12ef-8085-4147-9e91-0f365f705b25,b7c93acf-e059-40ee-9132-b63ef16287e4,Camiseta,283,2025-01-13
7092d401-4367-4d58-8b6c-03c8721e5419,b7c93acf-e059-40ee-9132-b63ef16287e4,Tênis,369,2025-01-13
41241bb4-655c-4508-8592-bfa5b928e23f,b7c93acf-e059-40ee-9132-b63ef16287e4,Camiseta,863,2025-01-13
87ad8b26-8eaa-4841-aaa0-426df7c0d5f7,b7c93acf-e059-40ee-9132-b63ef16287e4,Celular,497,2025-01-14
72ecf16e-c8a7-43e9-bfa0-16c2c09cb506,b7c93acf-e059-40ee-9132-b63ef16287e4,Celular,646,2025-01-14
516c3b0a-5385-4918-bc40-15fad4f76322,b7c93acf-e059-40ee-9132-b63ef16287e4,Tênis,378,2025-01-14
882ccd1e-6c93-4791-8b60-c511b8168aeb,b7c93acf-e059-40ee-9132-b63ef16287e4,Tênis,943,2025-01-14
08e895d7-702c-4821-8804-0fb7ad973b67,b7c93acf-e059-40ee-9132-b63ef16287e4,Celular,168,2025-01-14
fe1a1ba9-c896-4c5b-85f8-c28da255e1bb,b7c93acf-e059-40ee-9132-b63ef16287e4,Tênis,602,2025-01-14
2ab8bd33-911f-430b-9bff-00b07fe670f3,b7c93acf-e059-40ee-9132-b63ef16287e4,Livro,261,2025-01-15
e7e646c7-0158-4463-9d87-76a072d78bdd,b7c93acf-e059-40ee-9132-b63ef16287e4,Camiseta,119,2025-01-15
889d4b76-775c-40b5-a173-0c4848769153,b7c93acf-e059-40ee-9132-b63ef16287e4,Livro,415,2025-01-15
a7c854e4-0684-4c86-b8a6-040223d26b8d,b7c93acf-e059-40ee-9132-b63ef16287e4,Tênis,402,2025-01-15
38a56b49-dd34-4a18-9001-9ed40bb401e7,b7c93acf-e059-40ee-9132-b63ef16287e4,Celular,116,2025-01-15
9e5d9c7a-c5ac-4354-95f0-0cb4614c721d,b7c93acf-e059-40ee-9132-b63ef16287e4,Livro,917,2025-01-15
899ac252-c1e1-494a-b888-3058e9ad0e9b,b7c93acf-e059-40ee-9132-b63ef16287e4,Celular,880,2025-01-15
0445c1a8-12af-47e4-8536-c66efcc4091b,b7c93acf-e059-40ee-9132-b63ef16287e4,Camiseta,114,2025-01-15
1f5d988f-776a-4f09-bde2-885951b1943c,b7c93acf-e059-40ee-9132-b63ef16287e4,Livro,560,2025-01-15
4b7f2183-088d-4d82-9883-e3f8cc9803de,b7c93acf-e059-40ee-9132-b63ef16287e4,Camiseta,426,2025-01-15
788fd0cd-65c0-4b93-88ed-abdd4ef03f80,b7c93acf-e059-40ee-9132-b63ef16287e4,Tênis,776,2025-01-16
65e58f34-5df0-4e8c-878a-aed9233ffc82,b7c93acf-e059-40ee-9132-b63ef16287e4,Livro,765,2025-01-16
0ed9fa95-a26e-465b-903b-e7882d445af8,b7c93acf-e059-40ee-9132-b63ef16287e4,Camiseta,562,2025-01-16
d3293724-6dfd-471a-b7d7-465d37c3b3c9,b7c93acf-e059-40ee-9132-b63ef16287e4,Celular,606,2025-01-16
5e187b24-8e67-4a01-986a-646059a1120e,b7c93acf-e059-40ee-9132-b63ef16287e4,Camiseta,880,2025-01-16
38749f3c-c2d4-4b56-8bbe-d98007e67cb0,b7c93acf-e059-40ee-9132-b63ef16287e4,Livro,133,2025-01-16
f2dcb12b-0f7a-4302-ac2e-28150a3217d2,b7c93acf-e059-40ee-9132-b63ef16287e4,Tênis,618,2025-01-17
9a3a6103-6e3c-4532-9434-8f626cac028c,b7c93acf-e059-40ee-9132-b63ef16287e4,Celular,658,2025-01-17
0e9058b6-09a0-40f6-b3b0-a0917634c169,b7c93acf-e059-40ee-9132-b63ef16287e4,Livro,951,2025-01-17
25637cc3-ca97-4bf5-95d5-96afa663d2cd,b7c93acf-e059-40ee-9132-b63ef16287e4,Celular,139,2025-01-17
68c690b2-30a2-4ee8-b972-2cc1349ef4a9,b7c93acf-e059-40ee-9132-b63ef16287e4,Livro,776,2025-01-17
fc737d92-11ab-4d11-a4eb-8000ef40d162,b7c93acf-e059-40ee-9132-b63ef16287e4,Tênis,132,2025-01-17
2b1ac76c-89ec-4c51-98cb-aa5247f53019,b7c93acf-e059-40ee-9132-b63ef16287e4,Livro,820,2025-01-17
1c0f0bdc-ac7e-437c-94cc-1e2a5e4cb287,b7c93acf-e059-40ee-9132-b63ef16287e4,Tênis,697,2025-01-18
93d563ae-51a3-4c26-937b-f79bbb44badc,b7c93acf-e059-40ee-9132-b63ef16287e4,Livro,342,2025-01-18
8570b59f-a903-4e67-bc56-8b5324acb722,b7c93acf-e059-40ee-9132-b63ef16287e4,Celular,523,2025-01-18
ce532ffd-bb13-4f02-96de-66c96210def6,b7c93acf-e059-40ee-9132-b63ef16287e4,Camiseta,205,2025-01-18
aaf407f7-0fe7-4149-bc7e-5368b1594847,b7c93acf-e059-40ee-9132-b63ef16287e4,Camiseta,576,2025-01-18
f0cf9d73-e812-4ef0-b9c9-c839c8ef0377,b7c93acf-e059-40ee-9132-b63ef16287e4,Livro,619,2025-01-18
51facefa-d6f8-4f7a-82fa-1da878308631,b7c93acf-e059-40ee-9132-b63ef16287e4,Celular,479,2025-01-18
657046ea-5b11-451f-b7e9-101d3f8b4433,b7c93acf-e059-40ee-9132-b63ef16287e4,Camiseta,793,2025-01-18
2f4dd219-186b-4880-ab54-5a15669d01ff,b7c93acf-e059-40ee-9132-b63ef16287e4,Celular,588,2025-01-19
4dfe1117-22af-411f-9b62-8a9d75366b9f,b7c93acf-e059-40ee-9132-b63ef16287e4,Camiseta,505,2025-01-19
3404c02a-ebc1-4b52-82e4-dd4a143ac1c5,b7c93acf-e059-40ee-9132-b63ef16287e4,Celular,649,2025-01-19
929c93b3-33c0-4bf1-8167-999fe723ada3,b7c93acf-e059-40ee-9132-b63ef16287e4,Celular,268,2025-01-19
a6aa59e5-dc08-4f29-92d3-3488d0c30018,b7c93acf-e059-40ee-9132-b63ef16287e4,Celular,407,2025-01-19
2d14e9f4-2c78-444f-9860-65a2fdd5b0f8,b7c93acf-e059-40ee-9132-b63ef16287e4,Celular,706,2025-01-19
d3b59af7-67ce-478f-a5a4-983ba383889a,b7c93acf-e059-40ee-9132-b63ef16287e4,Tênis,627,2025-01-19
2321d1e1-c471-44c0-b613-6e15f200c261,b7c93acf-e059-40ee-9132-b63ef16287e4,Livro,396,2025-01-19
0d700ea4-3b9b-4d45-a350-55e439c59df9,b7c93acf-e059-40ee-9132-b63ef16287e4,Camiseta,523,2025-01-19
5e7b72c8-e097-4edb-afb3-b939b1d81887,b7c93acf-e059-40ee-9132-b63ef16287e4,Tênis,599,2025-01-19
3fead90a-21f8-472d-9db7-570eb390b059,b7c93acf-e059-40ee-9132-b63ef16287e4,Celular,828,2025-01-19
23c8afdb-83f8-4f16-a4a4-474c9b33e3a4,b7c93acf-e059-40ee-9132-b63ef16287e4,Livro,727,2025-01-19
bd9c4693-b6ca-4127-a9f8-7970cd98f9e2,b7c93acf-e059-40ee-9132-b63ef16287e4,Tênis,329,2025-01-19
fc950bba-e818-4f34-a491-7f7d91c46efc,b7c93acf-e059-40ee-9132-b63ef16287e4,Tênis,246,2025-01-19
ce30a61d-0e88-48ec-a651-e3e13d846fc9,b7c93acf-e059-40ee-9132-b63ef16287e4,Tênis,776,2025-01-19
ea45ba41-6589-4da1-b45a-f934b42a2d93,b7c93acf-e059-40ee-9132-b63ef16287e4,Celular,665,2025-01-19
e6fdd7af-dd84-4acc-b672-94643f8ea40a,b7c93acf-e059-40ee-9132-b63ef16287e4,Celular,933,2025-01-19
1aa6f7cb-90c7-46ac-a3bf-e403388c9751,b7c93acf-e059-40ee-9132-b63ef16287e4,Tênis,244,2025-01-19
f4719986-9d26-4599-84dd-8df59aec56a8,b7c93acf-e059-40ee-9132-b63ef16287e4,Tênis,892,2025-01-19
0d67d38e-990f-4c5b-adcc-3daf569f3ab3,b7c93acf-e059-40ee-9132-b63ef16287e4,Livro,167,2025-01-19
dcb9075e-cdd7-4460-a140-77d39ec4ea48,b7c93acf-e059-40ee-9132-b63ef16287e4,Livro,550,2025-01-20
0260a123-71ef-472a-ae13-591e84fa4c72,b7c93acf-e059-40ee-9132-b63ef16287e4,Camiseta,812,2025-01-20
34fa32b6-d043-4e4c-b4e5-0699c8ebe27a,b7c93acf-e059-40ee-9132-b63ef16287e4,Camiseta,683,2025-01-20
e53e5f4c-6c7e-4a2c-867f-358ba48aa108,b7c93acf-e059-40ee-9132-b63ef16287e4,Tênis,972,2025-01-20
6550f74a-1422-473f-8622-68d16683e107,b7c93acf-e059-40ee-9132-b63ef16287e4,Livro,863,2025-01-20
bd44089d-9dd2-49de-bd98-fe336498abe9,b7c93acf-e059-40ee-9132-b63ef16287e4,Livro,707,2025-01-20
86cac6f4-e238-4e93-bd17-c5e8d5ca69ab,b7c93acf-e059-40ee-9132-b63ef16287e4,Camiseta,777,2025-01-20
2faabe0b-b7f6-4cdf-81dc-1c60a5f60735,b7c93acf-e059-40ee-9132-b63ef16287e4,Camiseta,854,2025-01-20
e5508ea2-6133-434d-8b0e-8eb1ad371d9e,b7c93acf-e059-40ee-9132-b63ef16287e4,Tênis,938,2025-01-20
aee70ab2-61fa-4e7a-878c-26ce7f0223bc,b7c93acf-e059-40ee-9132-b63ef16287e4,Tênis,276,2025-01-21
7f0386fa-13ba-4c91-a0a5-fde6939f71a2,b7c93acf-e059-40ee-9132-b63ef16287e4,Tênis,623,2025-01-21
22498f66-6e51-484d-9b84-edc3d8e049de,b7c93acf-e059-40ee-9132-b63ef16287e4,Livro,844,2025-01-21
e980f808-75ac-424c-ac55-aef7f4e95734,b7c93acf-e059-40ee-9132-b63ef16287e4,Livro,659,2025-01-21
681134e2-5064-4c59-b74f-63547316ce64,b7c93acf-e059-40ee-9132-b63ef16287e4,Camiseta,648,2025-01-21
a4244f23-0d5b-47cd-8000-35f0df7d0dd7,b7c93acf-e059-40ee-9132-b63ef16287e4,Tênis,995,2025-01-22
98d00c2c-17d3-4f32-8de1-596c5a9a206a,b7c93acf-e059-40ee-9132-b63ef16287e4,Livro,984,2025-01-22
3e245fbf-fa69-4cd2-be23-90f3e7bbaefc,b7c93acf-e059-40ee-9132-b63ef16287e4,Celular,801,2025-01-22
7630a8a7-70ca-4dd8-bc04-3f0892070158,b7c93acf-e059-40ee-9132-b63ef16287e4,Livro,896,2025-01-22
30c36756-d453-4867-b97e-6224891f6912,b7c93acf-e059-40ee-9132-b63ef16287e4,Camiseta,374,2025-01-22
1fb621ae-ec4e-4cbb-a2aa-378c659e0258,b7c93acf-e059-40ee-9132-b63ef16287e4,Camiseta,347,2025-01-22
e5dd98f1-c8a7-48ab-8df8-3e12a56b61e0,b7c93acf-e059-40ee-9132-b63ef16287e4,Celular,606,2025-01-22
ff84faef-5336-423b-8f96-468535145890,b7c93acf-e059-40ee-9132-b63ef16287e4,Tênis,638,2025-01-22
6e3f683a-bf3c-4140-bf54-a51101fa964e,b7c93acf-e059-40ee-9132-b63ef16287e4,Celular,232,2025-01-22
38d5101f-423c-4d9d-993e-478302b34254,b7c93acf-e059-40ee-9132-b63ef16287e4,Celular,556,2025-01-22
143df5b3-a58e-43dd-948c-1d84340de049,b7c93acf-e059-40ee-9132-b63ef16287e4,Tênis,967,2025-01-22
2f546033-6334-4a2a-8b4b-d7e7a4515ae0,b7c93acf-e059-40ee-9132-b63ef16287e4,Livro,490,2025-01-22
161237c9-e25d-49a8-9ca8-a5c42138afe0,b7c93acf-e059-40ee-9132-b63ef16287e4,Camiseta,416,2025-01-23
42d04d55-4aab-47b2-bc9d-128a21761930,b7c93acf-e059-40ee-9132-b63ef16287e4,Livro,920,2025-01-23
16476e3f-1127-4207-8eae-1325ea074d80,b7c93acf-e059-40ee-9132-b63ef16287e4,Tênis,669,2025-01-23
fd9e8e20-72f6-4958-92ef-61016082786f,b7c93acf-e059-40ee-9132-b63ef16287e4,Tênis,696,2025-01-23
5abca6e5-d0b1-43eb-809e-7a8086c5d1d6,b7c93acf-e059-40ee-9132-b63ef16287e4,Livro,914,2025-01-23
8f0881ee-8011-416b-bae8-8926b423ccde,b7c93acf-e059-40ee-9132-b63ef16287e4,Livro,173,2025-01-23
808389c8-657e-41c9-8da2-3e5c6a36af18,b7c93acf-e059-40ee-9132-b63ef16287e4,Livro,341,2025-01-23
9bd0d4c7-9e45-455e-a4d3-875167294d3c,b7c93acf-e059-40ee-9132-b63ef16287e4,Tênis,139,2025-01-23
848b34f0-3498-4735-8d38-e415e03635fc,b7c93acf-e059-40ee-9132-b63ef16287e4,Celular,865,2025-01-23
6a59c043-c461-4234-8044-beb2b66edbf4,b7c93acf-e059-40ee-9132-b63ef16287e4,Tênis,818,2025-01-23
ef15ab72-5c70-4e97-bca4-55670316d2d6,b7c93acf-e059-40ee-9132-b63ef16287e4,Livro,235,2025-01-23
7d4ed26e-dcd5-4fae-abb3-16a743299780,b7c93acf-e059-40ee-9132-b63ef16287e4,Livro,711,2025-01-23
5f733a3e-5d28-4aa4-a8a3-97799c1c3517,b7c93acf-e059-40ee-9132-b63ef16287e4,Livro,496,2025-01-24
d3d1bf0f-56c4-48e4-a9ef-afb13a7e8e14,b7c93acf-e059-40ee-9132-b63ef16287e4,Tênis,508,2025-01-24
62ccc604-0c53-444b-8053-f649b86d066b,b7c93acf-e059-40ee-9132-b63ef16287e4,Tênis,850,2025-01-24
de12dbf1-493d-4196-8926-a02119da8262,b7c93acf-e059-40ee-9132-b63ef16287e4,Livro,998,2025-01-24
fe0a824e-232a-4e82-a699-6aabdaaf7529,b7c93acf-e059-40ee-9132-b63ef16287e4,Celular,450,2025-01-24
87cdb6a1-bf01-4e32-977d-6e7e07d924ce,b7c93acf-e059-40ee-9132-b63ef16287e4,Celular,485,2025-01-24
a5b40983-3eeb-404a-9df2-372e9e825aae,b7c93acf-e059-40ee-9132-b63ef16287e4,Livro,610,2025-01-24
85c69fbf-966b-42ea-9f80-b96bb34e356a,b7c93acf-e059-40ee-9132-b63ef16287e4,Tênis,215,2025-01-24
76492e64-f55d-4e6d-ad26-8b378f5242d3,b7c93acf-e059-40ee-9132-b63ef16287e4,Celular,916,2025-01-24
14a34f7f-d90d-419b-93fb-e043af1d5a1a,b7c93acf-e059-40ee-9132-b63ef16287e4,Camiseta,195,2025-01-24
8693fd9d-7a89-4beb-b807-d78ab788f5d1,b7c93acf-e059-40ee-9132-b63ef16287e4,Tênis,887,2025-01-24
3defa849-9336-4f7e-83ef-a9f3a1c7cc8a,b7c93acf-e059-40ee-9132-b63ef16287e4,Celular,398,2025-01-25
f780ef2f-664d-4922-a590-fd3cad6ecc57,b7c93acf-e059-40ee-9132-b63ef16287e4,Livro,915,2025-01-25
9feefdff-c566-4a81-b15e-54f6d4d30795,b7c93acf-e059-40ee-9132-b63ef16287e4,Celular,838,2025-01-25
9d4e8b5d-2120-4fba-9689-e0b8c79ddb62,b7c93acf-e059-40ee-9132-b63ef16287e4,Tênis,748,2025-01-25
40afbf3f-3df5-4967-8d86-70bda2224f96,b7c93acf-e059-40ee-9132-b63ef16287e4,Celular,832,2025-01-25
e7c225da-7306-4588-85d5-a68d290a3abb,b7c93acf-e059-40ee-9132-b63ef16287e4,Celular,950,2025-01-25
d8302081-6fcc-47dd-968f-ae125ca260c9,b7c93acf-e059-40ee-9132-b63ef16287e4,Camiseta,349,2025-01-25
45a88829-14e2-46e5-ac89-36bc0cbd3c03,b7c93acf-e059-40ee-9132-b63ef16287e4,Tênis,777,2025-01-25
4303cbc1-1e25-45b8-8fc9-c86be9ddebf5,b7c93acf-e059-40ee-9132-b63ef16287e4,Livro,820,2025-01-26
b888f6ed-8d24-4e3e-84da-bddbe0b15aba,b7c93acf-e059-40ee-9132-b63ef16287e4,Celular,540,2025-01-26
ceae71cf-ce00-4af0-beb0-51817ba24588,b7c93acf-e059-40ee-9132-b63ef16287e4,Tênis,404,2025-01-26
12d2fa06-49e1-4d13-8da0-04955cce5ba9,b7c93acf-e059-40ee-9132-b63ef16287e4,Tênis,616,2025-01-26
c9ea356a-7abf-4ebf-942c-b1ae19f738cb,b7c93acf-e059-40ee-9132-b63ef16287e4,Celular,266,2025-01-26
1b780ede-9a4f-4c0c-9165-f2ed4c636e95,b7c93acf-e059-40ee-9132-b63ef16287e4,Livro,391,2025-01-26
c9912032-df85-4777-9887-4bfec1369c65,b7c93acf-e059-40ee-9132-b63ef16287e4,Camiseta,638,2025-01-26
a9320094-53f2-4f11-947f-65701a43db54,b7c93acf-e059-40ee-9132-b63ef16287e4,Livro,413,2025-01-26
07f4fee5-2c82-489f-bd9c-fbb0d1f16485,b7c93acf-e059-40ee-9132-b63ef16287e4,Tênis,975,2025-01-26
b0946d2a-2aa9-4b43-ad15-f16fb7b8c1a5,b7c93acf-e059-40ee-9132-b63ef16287e4,Tênis,459,2025-01-26
554227de-b6ad-448b-a314-d0c809f64405,b7c93acf-e059-40ee-9132-b63ef16287e4,Tênis,631,2025-01-27
591196dc-1d3e-403a-9645-f0e4647dc392,b7c93acf-e059-40ee-9132-b63ef16287e4,Livro,965,2025-01-27
5da49cb9-2fdc-4992-8971-8eeadf3a098a,b7c93acf-e059-40ee-9132-b63ef16287e4,Livro,301,2025-01-27
5d8babd7-6bbd-466f-9181-6091d6c6f45c,b7c93acf-e059-40ee-9132-b63ef16287e4,Celular,881,2025-01-27
00e3a026-d5b6-4e85-b902-39d9fa8dae42,b7c93acf-e059-40ee-9132-b63ef16287e4,Camiseta,405,2025-01-27
462363a9-32f8-4bab-b462-e3e85c418a83,b7c93acf-e059-40ee-9132-b63ef16287e4,Livro,943,2025-01-27
7089fc6d-2877-45d9-8f56-75f8b048faa1,b7c93acf-e059-40ee-9132-b63ef16287e4,Tênis,595,2025-01-27
8ac8ad93-7e02-421d-b86b-543ae1b243cc,b7c93acf-e059-40ee-9132-b63ef16287e4,Livro,279,2025-01-28
713f8f8c-ec8b-4537-98ab-4778143b45e3,b7c93acf-e059-40ee-9132-b63ef16287e4,Livro,865,2025-01-28
3cd1ff3f-b0c5-4278-94dc-cba5e1035e1c,b7c93acf-e059-40ee-9132-b63ef16287e4,Camiseta,863,2025-01-28
ae455cc6-b88e-430f-9e1e-994ac5a11f5c,b7c93acf-e059-40ee-9132-b63ef16287e4,Livro,724,2025-01-28
b023a0ea-df41-4335-b9ae-d8e4e61599c8,b7c93acf-e059-40ee-9132-b63ef16287e4,Camiseta,711,2025-01-28
238d6f44-cac4-40eb-b373-730efc31a597,b7c93acf-e059-40ee-9132-b63ef16287e4,Celular,909,2025-01-29
7c13f47a-c80c-4195-8b65-84ce7acc9970,b7c93acf-e059-40ee-9132-b63ef16287e4,Livro,679,2025-01-29
123b31cf-9ee3-49ff-b1bd-b598948f664a,b7c93acf-e059-40ee-9132-b63ef16287e4,Tênis,299,2025-01-29
094d916d-eb6d-4fed-af15-8d5b2d007d05,b7c93acf-e059-40ee-9132-b63ef16287e4,Tênis,906,2025-01-29
2e9522d6-9679-4482-a3c9-88e48d2238e6,b7c93acf-e059-40ee-9132-b63ef16287e4,Celular,543,2025-01-29
d1a7ba20-11b4-41e9-b15d-a72dd4cee27c,b7c93acf-e059-40ee-9132-b63ef16287e4,Tênis,789,2025-01-29
7e710b55-8639-4d41-8b15-bd94a42d0cd7,b7c93acf-e059-40ee-9132-b63ef16287e4,Celular,971,2025-01-29
69b7c0fa-26c4-42f6-ab35-2f85504e2687,b7c93acf-e059-40ee-9132-b63ef16287e4,Celular,520,2025-01-29
4c7d9313-a6c6-41b0-a472-9be5f3c2944a,b7c93acf-e059-40ee-9132-b63ef16287e4,Celular,253,2025-01-30
bc55300b-06a2-41af-9d0a-f7f7f5e4a471,b7c93acf-e059-40ee-9132-b63ef16287e4,Celular,611,2025-01-30
138d994c-2b0a-4edd-8774-44cb5543fc3c,b7c93acf-e059-40ee-9132-b63ef16287e4,Camiseta,643,2025-01-30
1335e5db-0eaf-44b5-b2a9-dc8aca9e4a62,b7c93acf-e059-40ee-9132-b63ef16287e4,Tênis,472,2025-01-30
24435958-eacf-43a9-b466-fab6962c04dd,b7c93acf-e059-40ee-9132-b63ef16287e4,Camiseta,966,2025-01-30
f3f8dea4-7f14-4afa-a9f0-ef7c02e7df89,b7c93acf-e059-40ee-9132-b63ef16287e4,Livro,635,2025-01-30
45ee432d-6a07-4213-b129-cec79b69554d,b7c93acf-e059-40ee-9132-b63ef16287e4,Celular,873,2025-01-30
0aba590e-e2c3-48aa-b310-7475ca862225,b7c93acf-e059-40ee-9132-b63ef16287e4,Livro,417,2025-01-30
3f6c21f7-0a05-47f0-ac2c-d22ba56895c6,b7c93acf-e059-40ee-9132-b63ef16287e4,Tênis,549,2025-01-30
9a069295-3b8d-4447-8e61-065f171b1b80,b7c93acf-e059-40ee-9132-b63ef16287e4,Celular,120,2025-01-31
1c612ec2-1014-4131-b505-65f59f708368,b7c93acf-e059-40ee-9132-b63ef16287e4,Tênis,711,2025-01-31
4eb9047d-ba2a-43d9-bcf2-fc3bd95874c2,b7c93acf-e059-40ee-9132-b63ef16287e4,Camiseta,310,2025-01-31
2f8d8ded-6c4c-450b-a23a-d0fc93267d25,b7c93acf-e059-40ee-9132-b63ef16287e4,Tênis,750,2025-01-31
7eb162f1-4806-4804-8cf0-374c0c74dc0f,b7c93acf-e059-40ee-9132-b63ef16287e4,Tênis,392,2025-01-31
57d9cbb0-309e-47ba-90e6-56e592715f6e,b7c93acf-e059-40ee-9132-b63ef16287e4,Celular,802,2025-01-31
5bb47c18-b281-47c4-aa05-5442a284e8fd,b7c93acf-e059-40ee-9132-b63ef16287e4,Camiseta,914,2025-01-31
62210670-7a36-4788-b71f-b9a66dd49c96,b7c93acf-e059-40ee-9132-b63ef16287e4,Camiseta,138,2025-01-31
5c508720-f982-44e0-8603-156a15eacbcf,b7c93acf-e059-40ee-9132-b63ef16287e4,Camiseta,638,2025-02-01
7e3a9f07-69fd-48e6-a271-fff92a9527f6,b7c93acf-e059-40ee-9132-b63ef16287e4,Tênis,459,2025-02-01
91ddb9bf-613d-4de9-bae2-802354720d2d,b7c93acf-e059-40ee-9132-b63ef16287e4,Celular,611,2025-02-01
b576255e-9854-4f22-a102-f9c964575bc4,b7c93acf-e059-40ee-9132-b63ef16287e4,Camiseta,417,2025-02-01
f5e4a9c1-2d76-4ffa-b233-d5af98133da1,b7c93acf-e059-40ee-9132-b63ef16287e4,Tênis,700,2025-02-01
13b22cec-edca-4f94-a5f6-ba53d226a8b3,b7c93acf-e059-40ee-9132-b63ef16287e4,Livro,266,2025-02-02
a6b07458-43c0-4d43-93a7-4792c561b8dc,b7c93acf-e059-40ee-9132-b63ef16287e4,Celular,885,2025-02-02
24f43c62-b523-40de-9b87-d29c4cfd0fc1,b7c93acf-e059-40ee-9132-b63ef16287e4,Tênis,159,2025-02-02
952a5345-9682-49ff-910c-4cb725f06b0a,b7c93acf-e059-40ee-9132-b63ef16287e4,Camiseta,208,2025-02-02
668c8477-0b95-417c-9dae-1201673ba8bd,b7c93acf-e059-40ee-9132-b63ef16287e4,Camiseta,683,2025-02-02
2179e3f0-6612-4ab4-b9b2-1e6e586a346a,b7c93acf-e059-40ee-9132-b63ef16287e4,Livro,627,2025-02-02
6511e61a-1436-45f5-8c81-926079ec533c,b7c93acf-e059-40ee-9132-b63ef16287e4,Camiseta,614,2025-02-02
ae27d432-1dc1-47eb-b11c-767385351a69,b7c93acf-e059-40ee-9132-b63ef16287e4,Celular,834,2025-02-03
fa60ede1-e5eb-472d-b11c-0ac58c0b393a,b7c93acf-e059-40ee-9132-b63ef16287e4,Camiseta,446,2025-02-03
6e8d9644-601b-4bcb-b0ee-bcce8d93e14a,b7c93acf-e059-40ee-9132-b63ef16287e4,Celular,796,2025-02-03
f778c676-750d-412e-8164-ceec64ab851b,b7c93acf-e059-40ee-9132-b63ef16287e4,Celular,320,2025-02-03
54d1332a-e308-4ddc-89c0-4b7d6ba4170b,b7c93acf-e059-40ee-9132-b63ef16287e4,Livro,366,2025-02-03
daf481a7-fa34-42e8-9d3f-7d7ea508dc95,b7c93acf-e059-40ee-9132-b63ef16287e4,Camiseta,729,2025-02-03
a15b2e18-afb0-4406-9f4b-1a97668c879b,b7c93acf-e059-40ee-9132-b63ef16287e4,Camiseta,696,2025-02-03
b4bba73f-ac70-41d1-9051-267f2c2ac34b,b7c93acf-e059-40ee-9132-b63ef16287e4,Livro,729,2025-02-03
7a10013f-36a2-452b-8047-3139185df528,b7c93acf-e059-40ee-9132-b63ef16287e4,Camiseta,235,2025-02-03
82c56b21-2430-42da-b185-0eb85f90fc87,b7c93acf-e059-40ee-9132-b63ef16287e4,Tênis,528,2025-02-03
b836c448-ad26-4ec5-9d42-b9e9692e07b6,b7c93acf-e059-40ee-9132-b63ef16287e4,Celular,554,2025-02-04
159152f2-a505-4a9c-86e7-5a2c3f6eed9d,b7c93acf-e059-40ee-9132-b63ef16287e4,Celular,666,2025-02-04
297ca4ff-f75d-499f-ab2d-5b0987079ad4,b7c93acf-e059-40ee-9132-b63ef16287e4,Celular,920,2025-02-04
c1dd484a-aca5-4d95-915a-1c304b86b5a1,b7c93acf-e059-40ee-9132-b63ef16287e4,Celular,279,2025-02-04
368acd40-b8f1-4e3c-99e7-703a70aa5b0d,b7c93acf-e059-40ee-9132-b63ef16287e4,Celular,521,2025-02-05
2a5fda18-a61f-4b96-a75f-745aaa1d3fc6,b7c93acf-e059-40ee-9132-b63ef16287e4,Camiseta,505,2025-02-05
117b355b-7094-4bdb-a6a5-24e350ee7a92,b7c93acf-e059-40ee-9132-b63ef16287e4,Tênis,552,2025-02-05
b88cddde-3f20-46c2-b1b8-8d65406f64d6,b7c93acf-e059-40ee-9132-b63ef16287e4,Tênis,708,2025-02-05
f204be89-4a4b-4563-8cf4-77ef18c8a616,b7c93acf-e059-40ee-9132-b63ef16287e4,Tênis,984,2025-02-05
b5f3f8aa-dc6d-4fff-99c2-f153b06b0f0c,b7c93acf-e059-40ee-9132-b63ef16287e4,Tênis,269,2025-02-05
14b00f62-c768-407f-ae2b-dc6cb7360c4f,b7c93acf-e059-40ee-9132-b63ef16287e4,Tênis,440,2025-02-05
3240d7a1-4027-4b7d-9430-29a9d88f1c94,b7c93acf-e059-40ee-9132-b63ef16287e4,Livro,228,2025-02-05
5a4153b3-e95f-476c-9eba-c186ba108217,b7c93acf-e059-40ee-9132-b63ef16287e4,Tênis,381,2025-02-06
11d059b2-6699-4d99-a847-bce790fa6b57,b7c93acf-e059-40ee-9132-b63ef16287e4,Celular,858,2025-02-06
fb7d3ba1-58c8-4c48-bced-4d1f13eb22c9,b7c93acf-e059-40ee-9132-b63ef16287e4,Livro,271,2025-02-06
787515b9-1e26-4d31-99e9-275876b90436,b7c93acf-e059-40ee-9132-b63ef16287e4,Camiseta,987,2025-02-06
0c394ec7-1f31-4405-8d18-3eba3cd5fd7f,b7c93acf-e059-40ee-9132-b63ef16287e4,Celular,529,2025-02-06
41e02a89-566a-4ce7-af52-1b94f186e47a,b7c93acf-e059-40ee-9132-b63ef16287e4,Tênis,840,2025-02-06
f76b9723-a990-4071-bfda-9a9382f29004,b7c93acf-e059-40ee-9132-b63ef16287e4,Livro,674,2025-02-06
5f8a14bd-74bd-4c93-8177-b66137fe032c,b7c93acf-e059-40ee-9132-b63ef16287e4,Camiseta,732,2025-02-06
edc8cca8-e3bc-46f3-b18d-2c8c8fddbebc,b7c93acf-e059-40ee-9132-b63ef16287e4,Livro,328,2025-02-07
9cbf7b8c-7410-4d5d-9db1-4bfc6f3a5115,b7c93acf-e059-40ee-9132-b63ef16287e4,Camiseta,416,2025-02-07
97867b12-1328-4726-a4f4-34d6d1e91691,b7c93acf-e059-40ee-9132-b63ef16287e4,Camiseta,545,2025-02-07
533c2ed5-a3fe-4479-86c7-9b36fd053963,b7c93acf-e059-40ee-9132-b63ef16287e4,Livro,367,2025-02-07
9033da65-87cf-43fd-9183-6c4f249204c7,b7c93acf-e059-40ee-9132-b63ef16287e4,Camiseta,724,2025-02-07
55c3b2db-f374-490d-8274-ce40e09016b6,b7c93acf-e059-40ee-9132-b63ef16287e4,Camiseta,877,2025-02-07
1963c26d-6e21-4b09-9afd-4015816bcb9f,b7c93acf-e059-40ee-9132-b63ef16287e4,Camiseta,973,2025-02-07
0f2d5c15-eb34-4d3a-a95e-5ea9c9230c64,b7c93acf-e059-40ee-9132-b63ef16287e4,Livro,987,2025-02-07
951c25d5-4d4c-4280-9462-52e7f43ba052,b7c93acf-e059-40ee-9132-b63ef16287e4,Camiseta,367,2025-02-07
682b163a-286e-4390-add9-7a1afa585b27,b7c93acf-e059-40ee-9132-b63ef16287e4,Tênis,588,2025-02-07
92170475-3d95-4e3f-9a52-26e69d642932,b7c93acf-e059-40ee-9132-b63ef16287e4,Tênis,291,2025-02-07
5844f9fc-114b-4547-89dc-72b85b6a8102,b7c93acf-e059-40ee-9132-b63ef16287e4,Celular,850,2025-02-07
dcb51c53-5b62-48df-893e-904d30ec2796,b7c93acf-e059-40ee-9132-b63ef16287e4,Camiseta,986,2025-02-07
f8e8035b-0c00-488a-bee1-011a8e4c3ab5,b7c93acf-e059-40ee-9132-b63ef16287e4,Livro,758,2025-02-08
4882d73c-1c63-45ab-ae0e-d1e8585d3f86,b7c93acf-e059-40ee-9132-b63ef16287e4,Tênis,639,2025-02-08
97777f10-f2d2-493f-8e85-140d0f9aeb70,b7c93acf-e059-40ee-9132-b63ef16287e4,Celular,741,2025-02-08
af77520e-ff46-45af-bd20-563bf275b5f3,b7c93acf-e059-40ee-9132-b63ef16287e4,Camiseta,761,2025-02-08
78116802-c8cc-4cfe-8f01-f944f7315749,b7c93acf-e059-40ee-9132-b63ef16287e4,Celular,476,2025-02-08
26b07ff6-0fc7-4913-9072-76ea44c07a9a,b7c93acf-e059-40ee-9132-b63ef16287e4,Camiseta,187,2025-02-08
010e4265-ad3f-4dd4-8496-26ba30c9a2be,b7c93acf-e059-40ee-9132-b63ef16287e4,Celular,331,2025-02-09
e9fa97e2-5bd9-4609-b297-a782bcf474aa,b7c93acf-e059-40ee-9132-b63ef16287e4,Camiseta,820,2025-02-09
d5a386d9-c362-4810-a261-1b8d9620bee6,b7c93acf-e059-40ee-9132-b63ef16287e4,Camiseta,417,2025-02-09
bf337a15-1e08-4f20-bdd1-51b0f64ab6ec,b7c93acf-e059-40ee-9132-b63ef16287e4,Tênis,348,2025-02-09
56cb1ab0-62fb-46d7-b4db-ca07e506f670,b7c93acf-e059-40ee-9132-b63ef16287e4,Celular,608,2025-02-09
a72f947d-8164-42cb-8fc3-d7d3f6bd80c7,b7c93acf-e059-40ee-9132-b63ef16287e4,Tênis,518,2025-02-09
2bffe17b-5324-41fc-b758-dce20556daea,b7c93acf-e059-40ee-9132-b63ef16287e4,Tênis,951,2025-02-09
598ddaec-eaaf-4543-a434-a678a9e27ba9,b7c93acf-e059-40ee-9132-b63ef16287e4,Livro,771,2025-02-09
076979d6-4477-4442-b187-53e6d4578ad9,b7c93acf-e059-40ee-9132-b63ef16287e4,Celular,379,2025-02-10
afa14a55-cebe-4baa-a859-7b341725d2c7,b7c93acf-e059-40ee-9132-b63ef16287e4,Livro,946,2025-02-10
fd498e20-04ff-4ab2-8b7b-0b3a8b2d158a,b7c93acf-e059-40ee-9132-b63ef16287e4,Tênis,900,2025-02-10
bf6b8cdf-7479-4b61-a737-2b527a6a2107,b7c93acf-e059-40ee-9132-b63ef16287e4,Livro,525,2025-02-10
bc9a7998-6365-4c2a-a793-cb096b271eff,b7c93acf-e059-40ee-9132-b63ef16287e4,Camiseta,697,2025-02-10
45a08539-6de8-470a-8e9e-9ebd55c34853,b7c93acf-e059-40ee-9132-b63ef16287e4,Camiseta,369,2025-02-10
d02ce0c1-5417-4a17-8aaa-5bbea4bbf962,b7c93acf-e059-40ee-9132-b63ef16287e4,Celular,786,2025-02-10
f610396b-7df5-4abf-ab79-0d013cf88d20,b7c93acf-e059-40ee-9132-b63ef16287e4,Camiseta,245,2025-02-10
49fc2cd8-c56b-4d4c-8c30-77c4fb756923,b7c93acf-e059-40ee-9132-b63ef16287e4,Celular,806,2025-02-10
d4c3a832-b231-460b-b8f2-ce6bd46b415d,b7c93acf-e059-40ee-9132-b63ef16287e4,Celular,877,2025-02-10
4cc9f5f2-e42e-4037-8a55-2ea08acbbe09,b7c93acf-e059-40ee-9132-b63ef16287e4,Celular,828,2025-02-10
4cde1b6b-1132-467c-91a4-0d2a73d39457,b7c93acf-e059-40ee-9132-b63ef16287e4,Camiseta,929,2025-02-10
7cb923f5-f5ed-4382-a3a6-ef83cab63107,b7c93acf-e059-40ee-9132-b63ef16287e4,Livro,278,2025-02-10
1cd66b09-cf0e-4d2b-b15c-167a45d8a6ad,b7c93acf-e059-40ee-9132-b63ef16287e4,Livro,266,2025-02-11
2b8c03bf-5780-4e17-92fe-cc2b1acf42c5,b7c93acf-e059-40ee-9132-b63ef16287e4,Tênis,264,2025-02-11
716fb276-be64-4c2a-b966-71a54cec495b,b7c93acf-e059-40ee-9132-b63ef16287e4,Livro,375,2025-02-11
ec93e596-2b01-4723-8cf6-97a57603c36c,b7c93acf-e059-40ee-9132-b63ef16287e4,Tênis,941,2025-02-11
4690fb15-27b6-48dc-989d-ecb075eb89c2,b7c93acf-e059-40ee-9132-b63ef16287e4,Celular,996,2025-02-11
79e5c9aa-592a-4549-bba1-09d08567c805,b7c93acf-e059-40ee-9132-b63ef16287e4,Camiseta,548,2025-02-11
7930ba20-8b04-4f49-90be-73eefd372539,b7c93acf-e059-40ee-9132-b63ef16287e4,Livro,137,2025-02-12
fb25664d-630a-4767-a2bb-522b0b251279,b7c93acf-e059-40ee-9132-b63ef16287e4,Livro,359,2025-02-12
ac09bdb7-9908-4e47-b249-f62c08987462,b7c93acf-e059-40ee-9132-b63ef16287e4,Camiseta,350,2025-02-12
5e368127-cca1-445c-9fdd-980a45f18619,b7c93acf-e059-40ee-9132-b63ef16287e4,Tênis,509,2025-02-12
6231ee73-42c2-42eb-81bf-9e733f800385,b7c93acf-e059-40ee-9132-b63ef16287e4,Celular,557,2025-02-12
92fa675f-a6fd-4cb1-96e6-e5c0c4cb294f,b7c93acf-e059-40ee-9132-b63ef16287e4,Celular,647,2025-02-12
c7de96ea-2b0f-4e44-89e6-4c2289a0b7eb,b7c93acf-e059-40ee-9132-b63ef16287e4,Tênis,679,2025-02-12
16312fc6-379d-48f9-9c26-8108714011a1,b7c93acf-e059-40ee-9132-b63ef16287e4,Camiseta,243,2025-02-12
3ca87f31-cfd7-43b9-868f-cba51e0d02b5,b7c93acf-e059-40ee-9132-b63ef16287e4,Celular,930,2025-02-12
2abe1585-425e-4259-b884-16d2d28fcf68,b7c93acf-e059-40ee-9132-b63ef16287e4,Livro,229,2025-02-12
17d50f59-c4d5-48f7-a14f-e093cb6ad0c7,b7c93acf-e059-40ee-9132-b63ef16287e4,Tênis,627,2025-02-12
ac93281a-92eb-4ab0-a4ee-c67c1a57f9e4,b7c93acf-e059-40ee-9132-b63ef16287e4,Camiseta,333,2025-02-12
b076a7dc-fd0c-4433-8a5e-151b23d3cd4c,b7c93acf-e059-40ee-9132-b63ef16287e4,Camiseta,612,2025-02-12
e53f9644-b39e-4df2-9c0a-1febf7eae66e,b7c93acf-e059-40ee-9132-b63ef16287e4,Camiseta,211,2025-02-13
d82c7565-4bb9-47ec-93c1-175427aa7cbc,b7c93acf-e059-40ee-9132-b63ef16287e4,Camiseta,619,2025-02-13
c5d95f51-f387-41bd-ad59-72c6134a5a2f,b7c93acf-e059-40ee-9132-b63ef16287e4,Tênis,575,2025-02-13
9a36d1ec-2c6a-4e9a-b280-67a14187222b,b7c93acf-e059-40ee-9132-b63ef16287e4,Celular,878,2025-02-13
0d77c5a0-e222-46a6-95bf-be9798a21f1c,b7c93acf-e059-40ee-9132-b63ef16287e4,Celular,261,2025-02-13
a902b73f-cf39-4648-883f-64c31ce362f8,b7c93acf-e059-40ee-9132-b63ef16287e4,Tênis,729,2025-02-13
639fc471-d975-4f00-95ab-a8ae9112fbc0,b7c93acf-e059-40ee-9132-b63ef16287e4,Livro,493,2025-02-13
ff4cc10f-979c-40cf-b326-1887905881df,b7c93acf-e059-40ee-9132-b63ef16287e4,Celular,798,2025-02-13
938703c9-2b29-4f36-8606-ddc4c2dd901d,b7c93acf-e059-40ee-9132-b63ef16287e4,Celular,601,2025-02-14
335f2f59-5e71-4fca-820a-449774ed5145,b7c93acf-e059-40ee-9132-b63ef16287e4,Livro,677,2025-02-14
68d576b8-a6ce-4d7a-84e2-a94b34ec5264,b7c93acf-e059-40ee-9132-b63ef16287e4,Camiseta,985,2025-02-14
115affac-b173-4cdf-bfe1-e8f335adde88,b7c93acf-e059-40ee-9132-b63ef16287e4,Livro,362,2025-02-14
f0b2a5d1-8c7e-4f42-a646-eaf9d5c0244d,b7c93acf-e059-40ee-9132-b63ef16287e4,Tênis,213,2025-02-14
4fa5c35e-10cc-4604-a8b2-6b1bca9f1d59,b7c93acf-e059-40ee-9132-b63ef16287e4,Tênis,238,2025-02-14
277b0667-4499-40a6-9500-717012d15585,b7c93acf-e059-40ee-9132-b63ef16287e4,Tênis,828,2025-02-14
bc20b9f2-4a9c-489e-91b3-0182f7fe604f,b7c93acf-e059-40ee-9132-b63ef16287e4,Tênis,689,2025-02-14
4fd80bbb-592c-4107-a444-d301baeb286b,b7c93acf-e059-40ee-9132-b63ef16287e4,Livro,566,2025-02-14
a48e40f1-d042-4dfa-96ab-087a8bc78e81,b7c93acf-e059-40ee-9132-b63ef16287e4,Celular,950,2025-02-14
59fe3d53-624f-4a4b-bae1-e13796ee50e5,b7c93acf-e059-40ee-9132-b63ef16287e4,Tênis,422,2025-02-15
762cdfbc-ba2a-47ba-b3f8-1c3106e3f949,b7c93acf-e059-40ee-9132-b63ef16287e4,Celular,548,2025-02-15
a5e15b55-57d3-44dd-9963-dc7205c8234b,b7c93acf-e059-40ee-9132-b63ef16287e4,Camiseta,793,2025-02-15
dfa59722-0a1f-49df-9a59-19749adf4709,b7c93acf-e059-40ee-9132-b63ef16287e4,Camiseta,292,2025-02-15
183fea70-3ff6-479e-8cd4-b90abf8211bc,b7c93acf-e059-40ee-9132-b63ef16287e4,Tênis,204,2025-02-15
052dfb9a-5f58-4603-a5a3-d8e944c1f1b5,b7c93acf-e059-40ee-9132-b63ef16287e4,Livro,937,2025-02-15
0ec7d662-905c-4bdd-b4f0-beae6a5943ce,b7c93acf-e059-40ee-9132-b63ef16287e4,Tênis,788,2025-02-15
fbff8a7d-f2f5-4176-ac41-cbd372f444ab,b7c93acf-e059-40ee-9132-b63ef16287e4,Celular,316,2025-02-16
2c33350c-73b9-41d8-92f5-131ada52d2ee,b7c93acf-e059-40ee-9132-b63ef16287e4,Tênis,189,2025-02-16
fdab3441-d2c2-4960-8b09-01abc66dceb3,b7c93acf-e059-40ee-9132-b63ef16287e4,Livro,655,2025-02-16
7d66971e-8847-4c56-827c-9f8cd40ac5e9,b7c93acf-e059-40ee-9132-b63ef16287e4,Livro,586,2025-02-16
7c0f549d-0274-4f73-b3ab-ea0d5be9fdb3,b7c93acf-e059-40ee-9132-b63ef16287e4,Celular,299,2025-02-16
a107cc46-8634-4718-aba6-adb37afeb114,b7c93acf-e059-40ee-9132-b63ef16287e4,Tênis,251,2025-02-16
3508507a-f622-4842-8402-2b3c508211a5,b7c93acf-e059-40ee-9132-b63ef16287e4,Celular,870,2025-02-16
fe54ee4b-80ff-4173-a3df-ecd70e731dd7,b7c93acf-e059-40ee-9132-b63ef16287e4,Livro,339,2025-02-16
58321ee4-8471-44b0-ae1b-9f697740d831,b7c93acf-e059-40ee-9132-b63ef16287e4,Celular,999,2025-02-17
07374c86-397b-4f51-9ffa-46ef14e4180c,b7c93acf-e059-40ee-9132-b63ef16287e4,Livro,201,2025-02-17
ead08c89-13fe-4a29-9c9d-eee0b42a0456,b7c93acf-e059-40ee-9132-b63ef16287e4,Camiseta,163,2025-02-17
039a8ed5-f337-4261-9f83-92d5bb0c7919,b7c93acf-e059-40ee-9132-b63ef16287e4,Livro,875,2025-02-17
6a7d5d96-4ba1-4233-9ac3-bf317b96e2d1,b7c93acf-e059-40ee-9132-b63ef16287e4,Camiseta,218,2025-02-17
e4fd6c34-d670-4a21-a9dc-073e5820b3f2,b7c93acf-e059-40ee-9132-b63ef16287e4,Livro,866,2025-02-17
8aa2b4c9-3ba5-4d76-861e-fb9568f82063,b7c93acf-e059-40ee-9132-b63ef16287e4,Livro,751,2025-02-17
48bddb3e-62f5-4f2b-adaa-44ca8ed6ad5e,b7c93acf-e059-40ee-9132-b63ef16287e4,Livro,841,2025-02-18
f3ea0184-28f4-43ce-aded-da80bff9507d,b7c93acf-e059-40ee-9132-b63ef16287e4,Camiseta,246,2025-02-18
62f5f7c2-0706-4ec2-88fa-4e981723ecdb,b7c93acf-e059-40ee-9132-b63ef16287e4,Camiseta,266,2025-02-18
4eed4124-73b0-4676-b527-a5c8c534ca08,b7c93acf-e059-40ee-9132-b63ef16287e4,Tênis,371,2025-02-18
89b5aab0-c121-49db-af12-b150605fb1eb,b7c93acf-e059-40ee-9132-b63ef16287e4,Tênis,346,2025-02-18
c76a8e0f-48f0-41f0-9b8b-38aeb89f3a92,b7c93acf-e059-40ee-9132-b63ef16287e4,Camiseta,968,2025-02-18
4ab427e3-a360-4681-abbb-a89d34fadee1,b7c93acf-e059-40ee-9132-b63ef16287e4,Camiseta,584,2025-02-18
8c1c8b05-5677-4f36-8899-8e5fd40e53ce,b7c93acf-e059-40ee-9132-b63ef16287e4,Celular,679,2025-02-18
a81fdec3-279c-458a-b676-0ce581e5c9f6,b7c93acf-e059-40ee-9132-b63ef16287e4,Tênis,329,2025-02-18
07692583-9194-421e-a11b-f0d486379f04,b7c93acf-e059-40ee-9132-b63ef16287e4,Celular,297,2025-02-19
a6663769-e1d4-4f82-a1c5-0e41e8cee951,b7c93acf-e059-40ee-9132-b63ef16287e4,Livro,262,2025-02-19
59dcabd0-56fe-4fb9-abe9-e2074f199ec0,b7c93acf-e059-40ee-9132-b63ef16287e4,Camiseta,285,2025-02-19
5af3da5a-38e5-4b27-96dc-5a6ea7890770,b7c93acf-e059-40ee-9132-b63ef16287e4,Celular,862,2025-02-19
8ddce719-81f3-4dd4-bd03-4adac9525185,b7c93acf-e059-40ee-9132-b63ef16287e4,Camiseta,499,2025-02-19
8a0f9508-dfe2-40a0-a96b-3c42f6d22a7b,b7c93acf-e059-40ee-9132-b63ef16287e4,Celular,769,2025-02-19
dcb91d5f-593c-472b-8347-dbca7321a8b2,b7c93acf-e059-40ee-9132-b63ef16287e4,Camiseta,549,2025-02-19
f43e8c48-0bc1-49e5-bb3d-f0638409c5ea,b7c93acf-e059-40ee-9132-b63ef16287e4,Tênis,170,2025-02-19
8a2db2e6-3bfd-48a6-b05f-ddf566fadca0,b7c93acf-e059-40ee-9132-b63ef16287e4,Celular,872,2025-02-19
04cc3ede-6fac-4673-8ad4-5230bdf66ba5,b7c93acf-e059-40ee-9132-b63ef16287e4,Tênis,179,2025-02-19
980bc81e-a359-4d1f-bfe4-a42e3db788a6,b7c93acf-e059-40ee-9132-b63ef16287e4,Camiseta,640,2025-02-20
6b2b78b9-85c7-43be-9183-010f6319629b,b7c93acf-e059-40ee-9132-b63ef16287e4,Tênis,686,2025-02-20
e9c96c52-098c-40b3-afc9-909ed9af6e09,b7c93acf-e059-40ee-9132-b63ef16287e4,Celular,527,2025-02-20
39b86bb2-b596-4a7c-af4a-fa885299e505,b7c93acf-e059-40ee-9132-b63ef16287e4,Livro,631,2025-02-21
c777a07f-6346-44ef-a9ef-74e34ab6821c,b7c93acf-e059-40ee-9132-b63ef16287e4,Camiseta,842,2025-02-21
b9a5d4d0-4237-41f1-bdac-dc5e20c0f275,b7c93acf-e059-40ee-9132-b63ef16287e4,Celular,796,2025-02-21
98550b1e-d588-4c1c-a5db-5946a091e5b4,b7c93acf-e059-40ee-9132-b63ef16287e4,Livro,427,2025-02-21
e2ec13f4-bba1-4ed9-84cd-bfdddf9b141e,b7c93acf-e059-40ee-9132-b63ef16287e4,Camiseta,889,2025-02-21
0594b24f-1332-4c31-9010-318aeadc9960,b7c93acf-e059-40ee-9132-b63ef16287e4,Camiseta,302,2025-02-21
3e11bafe-3d41-46fe-963a-8617bdab07e7,b7c93acf-e059-40ee-9132-b63ef16287e4,Camiseta,785,2025-02-21
8de7ad6c-9490-47c2-b674-456f626d719d,b7c93acf-e059-40ee-9132-b63ef16287e4,Camiseta,560,2025-02-21
3b41c943-ebd8-43b1-8b3d-0c3617d09810,b7c93acf-e059-40ee-9132-b63ef16287e4,Tênis,817,2025-02-21
9fddde2e-a8a2-47ad-abd3-cdcd27794685,b7c93acf-e059-40ee-9132-b63ef16287e4,Livro,962,2025-02-22
f0ede303-aa53-419c-9fa4-bb9f5a856750,b7c93acf-e059-40ee-9132-b63ef16287e4,Tênis,988,2025-02-22
d85c16bd-6dda-4f8d-8ea6-0f4c39e58ff0,b7c93acf-e059-40ee-9132-b63ef16287e4,Camiseta,723,2025-02-22
47c68688-ecf3-4053-af36-b8cc13087974,b7c93acf-e059-40ee-9132-b63ef16287e4,Camiseta,283,2025-02-22
301c8db3-16db-40db-a543-148e9adfe981,b7c93acf-e059-40ee-9132-b63ef16287e4,Tênis,316,2025-02-22
d11376e0-38d7-4b9a-a916-da57f24823ab,b7c93acf-e059-40ee-9132-b63ef16287e4,Tênis,457,2025-02-23
4fc77768-5ebb-4ca5-a84b-f9625744f596,b7c93acf-e059-40ee-9132-b63ef16287e4,Livro,895,2025-02-23
80a8a23d-17ea-4c83-8892-042f9d4b2bf9,b7c93acf-e059-40ee-9132-b63ef16287e4,Celular,706,2025-02-23
b2a6e468-d02b-4243-8091-3ac10463750e,b7c93acf-e059-40ee-9132-b63ef16287e4,Tênis,925,2025-02-23
f4ff3f3a-4d9d-4aeb-953d-2625e8334da5,b7c93acf-e059-40ee-9132-b63ef16287e4,Camiseta,316,2025-02-23
fb8fe8c4-d8b4-4ead-9360-8edf382b5b86,b7c93acf-e059-40ee-9132-b63ef16287e4,Tênis,463,2025-02-23
b45a6ab3-7b94-434d-a4aa-786d9d17d218,b7c93acf-e059-40ee-9132-b63ef16287e4,Camiseta,541,2025-02-23
fc9e1dcb-cb7e-4268-9f89-ed1264d6dfbf,b7c93acf-e059-40ee-9132-b63ef16287e4,Livro,671,2025-02-23
8edec44d-476c-468c-bf1b-e0d0f5141058,b7c93acf-e059-40ee-9132-b63ef16287e4,Livro,330,2025-02-23
ad72ed05-924c-4e09-8cea-5031844e250b,b7c93acf-e059-40ee-9132-b63ef16287e4,Celular,223,2025-02-24
50018b7b-6d40-47f4-9003-2b3518578baf,b7c93acf-e059-40ee-9132-b63ef16287e4,Livro,483,2025-02-24
5e175b66-4b87-459f-b0cd-7f05ea87855e,b7c93acf-e059-40ee-9132-b63ef16287e4,Celular,324,2025-02-24
7aa061e9-336b-40cb-b1fe-ad13f280df1d,b7c93acf-e059-40ee-9132-b63ef16287e4,Livro,281,2025-02-24
dba6fdf8-f3d0-4ffb-8470-9848929ecc92,b7c93acf-e059-40ee-9132-b63ef16287e4,Camiseta,238,2025-02-24
c550eca8-ae62-490c-99bd-4f9378ef7666,b7c93acf-e059-40ee-9132-b63ef16287e4,Celular,105,2025-02-24
4a5b1aff-257f-4595-8dfb-4db9c5e78b23,b7c93acf-e059-40ee-9132-b63ef16287e4,Camiseta,394,2025-02-24
5cd33369-04aa-41b7-9ca0-c428822c4d32,b7c93acf-e059-40ee-9132-b63ef16287e4,Livro,284,2025-02-24
f9d2014a-22ee-4f07-9296-1fb34d407b28,b7c93acf-e059-40ee-9132-b63ef16287e4,Celular,849,2025-02-24
7f7f6c0a-07c0-4116-a394-ed549e3c5a88,b7c93acf-e059-40ee-9132-b63ef16287e4,Livro,757,2025-02-24
07437c3b-dd20-43bf-9342-af080a8bb5b4,b7c93acf-e059-40ee-9132-b63ef16287e4,Camiseta,146,2025-02-24
04482a22-0308-4a5e-a94d-7b008d388327,b7c93acf-e059-40ee-9132-b63ef16287e4,Livro,648,2025-02-25
774c0afa-7f4d-408c-a1ff-f6c08347f1da,b7c93acf-e059-40ee-9132-b63ef16287e4,Camiseta,922,2025-02-25
76c3e642-3e19-4c1d-9f6a-6a65bd54da04,b7c93acf-e059-40ee-9132-b63ef16287e4,Livro,705,2025-02-25
d8dff535-c62d-4aea-9e70-bd3000a21367,b7c93acf-e059-40ee-9132-b63ef16287e4,Camiseta,848,2025-02-25
2e9ce8ff-084a-4c4b-9146-8cdcf7164b73,b7c93acf-e059-40ee-9132-b63ef16287e4,Livro,928,2025-02-25
ae5ec365-72eb-4474-9458-054ec2874f06,b7c93acf-e059-40ee-9132-b63ef16287e4,Livro,984,2025-02-25
409ca8f2-3948-4e22-822a-addacd0579e2,b7c93acf-e059-40ee-9132-b63ef16287e4,Livro,829,2025-02-25
a518a418-6f14-43f6-9867-888b7ff6b824,b7c93acf-e059-40ee-9132-b63ef16287e4,Livro,679,2025-02-25
fd350c5f-d347-4a3b-879b-c6378cc36f3b,b7c93acf-e059-40ee-9132-b63ef16287e4,Camiseta,231,2025-02-25
96add4df-adf7-4924-85b8-386b768b4f7e,b7c93acf-e059-40ee-9132-b63ef16287e4,Celular,453,2025-02-26
5e70f65f-9280-45aa-8dd4-595b5c63b6f3,b7c93acf-e059-40ee-9132-b63ef16287e4,Tênis,922,2025-02-26
7c7c404e-c422-403e-b29a-6339577bc55a,b7c93acf-e059-40ee-9132-b63ef16287e4,Celular,331,2025-02-26
3f5e3b8c-c058-4da5-a757-075bd47f83b1,b7c93acf-e059-40ee-9132-b63ef16287e4,Livro,995,2025-02-26
61fa01ba-231a-47c7-8c9b-ff5ce1887eaf,b7c93acf-e059-40ee-9132-b63ef16287e4,Celular,756,2025-02-26
c40d4874-22ab-4752-84db-5a622e13418d,b7c93acf-e059-40ee-9132-b63ef16287e4,Tênis,483,2025-02-26
58330b30-6c77-4e95-8b98-1ccd12b2102d,b7c93acf-e059-40ee-9132-b63ef16287e4,Camiseta,654,2025-02-26
2a9528c3-5ae1-4bad-aa29-60fda85894df,b7c93acf-e059-40ee-9132-b63ef16287e4,Camiseta,676,2025-02-26
47eb340d-c74e-48ff-8f89-569de550d736,b7c93acf-e059-40ee-9132-b63ef16287e4,Camiseta,928,2025-02-26
f2dde1f5-b3b6-4344-b2e3-c6f00075d3d5,b7c93acf-e059-40ee-9132-b63ef16287e4,Tênis,971,2025-02-26
889fe107-443b-4d0f-bdbc-3093a8284442,b7c93acf-e059-40ee-9132-b63ef16287e4,Camiseta,882,2025-02-26
140ff589-6c62-4c2c-8aec-cec7204db9da,b7c93acf-e059-40ee-9132-b63ef16287e4,Tênis,306,2025-02-26
5005680f-24c7-48a5-9b4e-164b5716dc2e,b7c93acf-e059-40ee-9132-b63ef16287e4,Livro,851,2025-02-26
2460d0d2-9048-43c1-9151-9998f2933585,b7c93acf-e059-40ee-9132-b63ef16287e4,Celular,956,2025-02-26
f54191ea-fde9-4c42-802c-4c2274de5f70,b7c93acf-e059-40ee-9132-b63ef16287e4,Tênis,307,2025-02-26
3098f7b2-500e-45c0-b89b-df7f93e34c35,b7c93acf-e059-40ee-9132-b63ef16287e4,Celular,610,2025-02-26
cc152a1b-e278-4642-a484-e035330faaa3,b7c93acf-e059-40ee-9132-b63ef16287e4,Celular,745,2025-02-26
